video,short-term_memorability,long-term_memorability
video7494.webm,0.876,0.879
video7495.webm,0.807,0.602
video7496.webm,0.853,0.766
video7497.webm,0.861,0.743
video7498.webm,0.845,0.825
video7499.webm,0.873,0.815
video7500.webm,0.817,0.702
video7502.webm,0.888,0.872
video7503.webm,0.830,0.732
video7504.webm,0.809,0.797
video7505.webm,0.806,0.737
video7506.webm,0.886,0.801
video7507.webm,0.896,0.816
video7508.webm,0.893,0.804
video7510.webm,0.913,0.875
video7511.webm,0.872,0.816
video7513.webm,0.872,0.796
video7515.webm,0.880,0.798
video7516.webm,0.876,0.764
video7517.webm,0.872,0.773
video7518.webm,0.899,0.770
video7519.webm,0.862,0.841
video7520.webm,0.894,0.808
video7521.webm,0.802,0.738
video7522.webm,0.884,0.713
video7523.webm,0.875,0.757
video7524.webm,0.899,0.840
video7525.webm,0.895,0.810
video7526.webm,0.897,0.810
video7527.webm,0.883,0.765
video7528.webm,0.874,0.786
video7530.webm,0.830,0.813
video7531.webm,0.861,0.744
video7532.webm,0.827,0.756
video7533.webm,0.899,0.792
video7534.webm,0.872,0.902
video7535.webm,0.825,0.734
video7536.webm,0.890,0.807
video7538.webm,0.875,0.808
video7539.webm,0.871,0.771
video7540.webm,0.876,0.778
video7541.webm,0.904,0.744
video7542.webm,0.843,0.813
video7543.webm,0.907,0.859
video7544.webm,0.875,0.829
video7545.webm,0.875,0.832
video7546.webm,0.843,0.758
video7548.webm,0.850,0.822
video7549.webm,0.896,0.734
video7550.webm,0.836,0.712
video7552.webm,0.857,0.849
video7554.webm,0.815,0.759
video7555.webm,0.894,0.824
video7556.webm,0.848,0.803
video7558.webm,0.845,0.641
video7560.webm,0.876,0.803
video7562.webm,0.897,0.817
video7563.webm,0.882,0.808
video7565.webm,0.883,0.771
video7566.webm,0.820,0.764
video7567.webm,0.808,0.717
video7568.webm,0.837,0.771
video7569.webm,0.875,0.812
video7571.webm,0.881,0.849
video7572.webm,0.843,0.787
video7573.webm,0.890,0.817
video7574.webm,0.843,0.822
video7575.webm,0.906,0.836
video7576.webm,0.809,0.713
video7578.webm,0.875,0.860
video7579.webm,0.871,0.713
video7580.webm,0.861,0.787
video7581.webm,0.879,0.777
video7582.webm,0.864,0.767
video7584.webm,0.846,0.780
video7585.webm,0.930,0.818
video7587.webm,0.894,0.796
video7588.webm,0.882,0.794
video7589.webm,0.887,0.805
video7590.webm,0.879,0.805
video7591.webm,0.855,0.823
video7592.webm,0.869,0.842
video7593.webm,0.893,0.886
video7596.webm,0.877,0.872
video7597.webm,0.900,0.843
video7598.webm,0.840,0.813
video7599.webm,0.883,0.822
video7600.webm,0.896,0.830
video7602.webm,0.881,0.782
video7603.webm,0.860,0.721
video7604.webm,0.915,0.853
video7605.webm,0.903,0.830
video7606.webm,0.869,0.802
video7607.webm,0.942,0.868
video7608.webm,0.909,0.829
video7609.webm,0.881,0.790
video7610.webm,0.832,0.797
video7611.webm,0.871,0.777
video7612.webm,0.844,0.779
video7613.webm,0.874,0.768
video7614.webm,0.926,0.858
video7615.webm,0.889,0.801
video7616.webm,0.881,0.785
video7617.webm,0.927,0.646
video7618.webm,0.864,0.828
video7619.webm,0.882,0.823
video7621.webm,0.844,0.736
video7624.webm,0.859,0.822
video7625.webm,0.868,0.852
video7626.webm,0.901,0.844
video7627.webm,0.880,0.831
video7628.webm,0.896,0.815
video7629.webm,0.873,0.812
video7631.webm,0.865,0.775
video7632.webm,0.918,0.808
video7633.webm,0.878,0.776
video7634.webm,0.860,0.798
video7635.webm,0.810,0.720
video7636.webm,0.879,0.827
video7637.webm,0.781,0.716
video7638.webm,0.876,0.726
video7640.webm,0.892,0.766
video7641.webm,0.802,0.709
video7642.webm,0.787,0.677
video7643.webm,0.897,0.816
video7644.webm,0.858,0.815
video7646.webm,0.815,0.700
video7647.webm,0.880,0.831
video7648.webm,0.887,0.831
video7649.webm,0.856,0.841
video7650.webm,0.866,0.786
video7651.webm,0.900,0.837
video7652.webm,0.899,0.821
video7654.webm,0.871,0.834
video7655.webm,0.774,0.687
video7656.webm,0.915,0.840
video7657.webm,0.886,0.794
video7659.webm,0.898,0.821
video7660.webm,0.871,0.814
video7661.webm,0.927,0.879
video7662.webm,0.844,0.689
video7664.webm,0.876,0.797
video7665.webm,0.894,0.771
video7667.webm,0.859,0.786
video7669.webm,0.888,0.784
video7670.webm,0.900,0.833
video7671.webm,0.884,0.774
video7672.webm,0.816,0.594
video7673.webm,0.773,0.677
video7674.webm,0.883,0.704
video7675.webm,0.835,0.754
video7676.webm,0.841,0.777
video7677.webm,0.905,0.802
video7678.webm,0.797,0.751
video7679.webm,0.876,0.717
video7680.webm,0.867,0.814
video7681.webm,0.871,0.716
video7682.webm,0.843,0.807
video7683.webm,0.917,0.650
video7686.webm,0.880,0.863
video7687.webm,0.887,0.752
video7688.webm,0.849,0.822
video7689.webm,0.868,0.843
video7690.webm,0.886,0.688
video7691.webm,0.837,0.805
video7692.webm,0.875,0.782
video7694.webm,0.868,0.803
video7696.webm,0.894,0.705
video7697.webm,0.897,0.841
video7698.webm,0.808,0.767
video7699.webm,0.860,0.806
video7701.webm,0.844,0.754
video7702.webm,0.813,0.729
video7703.webm,0.874,0.818
video7704.webm,0.891,0.827
video7705.webm,0.856,0.856
video7706.webm,0.896,0.847
video7707.webm,0.896,0.830
video7710.webm,0.850,0.808
video7711.webm,0.883,0.704
video7713.webm,0.950,0.888
video7714.webm,0.888,0.822
video7715.webm,0.885,0.797
video7716.webm,0.892,0.852
video7717.webm,0.861,0.806
video7718.webm,0.820,0.657
video7719.webm,0.898,0.849
video7720.webm,0.873,0.808
video7721.webm,0.881,0.785
video7722.webm,0.882,0.785
video7723.webm,0.885,0.718
video7724.webm,0.895,0.805
video7725.webm,0.874,0.821
video7726.webm,0.897,0.891
video7728.webm,0.867,0.840
video7729.webm,0.905,0.870
video7731.webm,0.914,0.745
video7732.webm,0.889,0.841
video7736.webm,0.852,0.803
video7737.webm,0.852,0.760
video7738.webm,0.823,0.820
video7739.webm,0.881,0.809
video7740.webm,0.838,0.817
video7741.webm,0.874,0.839
video7742.webm,0.868,0.833
video7743.webm,0.884,0.819
video7745.webm,0.898,0.852
video7746.webm,0.892,0.851
video7748.webm,0.861,0.840
video7749.webm,0.866,0.787
video7751.webm,0.809,0.569
video7752.webm,0.895,0.862
video7753.webm,0.888,0.753
video7754.webm,0.883,0.786
video7756.webm,0.893,0.826
video7757.webm,0.907,0.862
video7758.webm,0.819,0.814
video7759.webm,0.888,0.810
video7760.webm,0.788,0.783
video7761.webm,0.873,0.733
video7762.webm,0.830,0.781
video7763.webm,0.905,0.835
video7769.webm,0.842,0.725
video7770.webm,0.915,0.833
video7771.webm,0.876,0.794
video7772.webm,0.845,0.755
video7773.webm,0.883,0.850
video7774.webm,0.802,0.721
video7775.webm,0.809,0.715
video7777.webm,0.897,0.816
video7780.webm,0.868,0.769
video7782.webm,0.844,0.774
video7783.webm,0.903,0.842
video7784.webm,0.846,0.793
video7785.webm,0.883,0.822
video7786.webm,0.908,0.871
video7787.webm,0.931,0.846
video7788.webm,0.857,0.804
video7789.webm,0.888,0.841
video7792.webm,0.794,0.730
video7793.webm,0.913,0.866
video7795.webm,0.876,0.786
video7799.webm,0.853,0.842
video7800.webm,0.830,0.790
video7801.webm,0.854,0.800
video7802.webm,0.809,0.713
video7803.webm,0.768,0.682
video7804.webm,0.830,0.752
video7805.webm,0.888,0.826
video7806.webm,0.872,0.782
video7807.webm,0.841,0.787
video7808.webm,0.894,0.747
video7809.webm,0.894,0.855
video7811.webm,0.882,0.806
video7812.webm,0.876,0.804
video7813.webm,0.826,0.754
video7815.webm,0.886,0.783
video7816.webm,0.867,0.839
video7817.webm,0.773,0.676
video7818.webm,0.871,0.761
video7819.webm,0.764,0.710
video7820.webm,0.809,0.713
video7821.webm,0.892,0.867
video7822.webm,0.853,0.797
video7823.webm,0.897,0.871
video7824.webm,0.809,0.720
video7825.webm,0.902,0.732
video7826.webm,0.887,0.810
video7828.webm,0.898,0.814
video7830.webm,0.776,0.679
video7831.webm,0.890,0.816
video7832.webm,0.787,0.726
video7833.webm,0.882,0.816
video7834.webm,0.918,0.824
video7835.webm,0.821,0.725
video7837.webm,0.830,0.828
video7838.webm,0.845,0.733
video7839.webm,0.876,0.819
video7840.webm,0.863,0.814
video7841.webm,0.872,0.834
video7842.webm,0.885,0.840
video7844.webm,0.828,0.763
video7846.webm,0.855,0.797
video7848.webm,0.835,0.815
video7849.webm,0.851,0.801
video7851.webm,0.857,0.749
video7852.webm,0.785,0.693
video7853.webm,0.886,0.804
video7854.webm,0.801,0.728
video7856.webm,0.875,0.728
video7858.webm,0.828,0.785
video7861.webm,0.758,0.696
video7862.webm,0.865,0.825
video7863.webm,0.883,0.805
video7865.webm,0.884,0.724
video7867.webm,0.734,0.649
video7868.webm,0.826,0.743
video7869.webm,0.896,0.814
video7872.webm,0.860,0.790
video7873.webm,0.926,0.666
video7874.webm,0.868,0.776
video7875.webm,0.902,0.816
video7878.webm,0.812,0.759
video7879.webm,0.846,0.767
video7880.webm,0.888,0.719
video7883.webm,0.897,0.775
video7884.webm,0.858,0.796
video7885.webm,0.904,0.868
video7886.webm,0.778,0.681
video7887.webm,0.821,0.725
video7888.webm,0.845,0.701
video7889.webm,0.893,0.827
video7890.webm,0.886,0.793
video7891.webm,0.916,0.818
video7892.webm,0.911,0.799
video7893.webm,0.896,0.818
video7894.webm,0.849,0.821
video7895.webm,0.877,0.823
video7896.webm,0.897,0.820
video7897.webm,0.848,0.814
video7898.webm,0.869,0.789
video7899.webm,0.948,0.884
video7901.webm,0.888,0.813
video7902.webm,0.886,0.807
video7903.webm,0.873,0.844
video7904.webm,0.883,0.786
video7906.webm,0.850,0.836
video7907.webm,0.899,0.806
video7908.webm,0.878,0.813
video7909.webm,0.796,0.759
video7910.webm,0.933,0.847
video7912.webm,0.804,0.712
video7913.webm,0.790,0.789
video7915.webm,0.857,0.805
video7916.webm,0.891,0.818
video7917.webm,0.799,0.772
video7918.webm,0.893,0.813
video7919.webm,0.893,0.804
video7920.webm,0.900,0.821
video7921.webm,0.845,0.793
video7923.webm,0.775,0.678
video7925.webm,0.861,0.716
video7926.webm,0.849,0.822
video7927.webm,0.879,0.842
video7928.webm,0.883,0.854
video7929.webm,0.868,0.840
video7930.webm,0.901,0.851
video7931.webm,0.859,0.786
video7933.webm,0.894,0.825
video7935.webm,0.807,0.735
video7936.webm,0.784,0.743
video7939.webm,0.870,0.780
video7940.webm,0.873,0.791
video7941.webm,0.818,0.696
video7942.webm,0.895,0.820
video7944.webm,0.849,0.821
video7945.webm,0.885,0.813
video7946.webm,0.792,0.708
video7947.webm,0.884,0.833
video7948.webm,0.839,0.753
video7951.webm,0.869,0.801
video7952.webm,0.866,0.790
video7953.webm,0.842,0.817
video7954.webm,0.836,0.769
video7955.webm,0.881,0.818
video7956.webm,0.893,0.849
video7957.webm,0.896,0.801
video7958.webm,0.883,0.802
video7959.webm,0.905,0.869
video7961.webm,0.883,0.706
video7962.webm,0.862,0.843
video7963.webm,0.827,0.828
video7964.webm,0.828,0.814
video7967.webm,0.905,0.817
video7969.webm,0.866,0.804
video7970.webm,0.746,0.625
video7972.webm,0.831,0.796
video7973.webm,0.783,0.693
video7975.webm,0.818,0.799
video7976.webm,0.773,0.676
video7977.webm,0.842,0.798
video7980.webm,0.781,0.658
video7981.webm,0.777,0.680
video7983.webm,0.907,0.882
video7984.webm,0.834,0.772
video7985.webm,0.845,0.757
video7986.webm,0.888,0.809
video7987.webm,0.872,0.763
video7988.webm,0.862,0.790
video7990.webm,0.855,0.773
video7991.webm,0.877,0.740
video7992.webm,0.874,0.790
video7993.webm,0.894,0.858
video7994.webm,0.929,0.816
video7995.webm,0.910,0.845
video7996.webm,0.897,0.815
video7997.webm,0.824,0.796
video7998.webm,0.841,0.778
video7999.webm,0.852,0.802
video8000.webm,0.874,0.843
video8001.webm,0.865,0.816
video8002.webm,0.887,0.826
video8004.webm,0.856,0.802
video8008.webm,0.918,0.798
video8009.webm,0.873,0.779
video8010.webm,0.839,0.752
video8012.webm,0.875,0.787
video8013.webm,0.875,0.828
video8014.webm,0.780,0.705
video8015.webm,0.846,0.821
video8016.webm,0.824,0.753
video8018.webm,0.933,0.860
video8019.webm,0.896,0.832
video8021.webm,0.847,0.754
video8022.webm,0.874,0.790
video8023.webm,0.930,0.704
video8024.webm,0.829,0.740
video8026.webm,0.930,0.829
video8027.webm,0.859,0.786
video8028.webm,0.892,0.808
video8029.webm,0.859,0.785
video8030.webm,0.891,0.819
video8032.webm,0.913,0.810
video8033.webm,0.773,0.676
video8035.webm,0.875,0.776
video8036.webm,0.884,0.851
video8037.webm,0.874,0.846
video8038.webm,0.895,0.888
video8040.webm,0.844,0.891
video8041.webm,0.883,0.704
video8042.webm,0.854,0.796
video8043.webm,0.897,0.858
video8044.webm,0.804,0.750
video8045.webm,0.860,0.816
video8047.webm,0.866,0.807
video8048.webm,0.913,0.863
video8049.webm,0.875,0.837
video8050.webm,0.872,0.815
video8051.webm,0.925,0.860
video8052.webm,0.895,0.817
video8054.webm,0.841,0.816
video8056.webm,0.879,0.787
video8057.webm,0.837,0.829
video8058.webm,0.848,0.818
video8059.webm,0.853,0.713
video8060.webm,0.898,0.819
video8061.webm,0.931,0.818
video8062.webm,0.824,0.785
video8063.webm,0.811,0.762
video8064.webm,0.882,0.769
video8065.webm,0.873,0.837
video8066.webm,0.873,0.810
video8067.webm,0.871,0.819
video8068.webm,0.861,0.819
video8069.webm,0.840,0.771
video8071.webm,0.864,0.787
video8072.webm,0.888,0.822
video8073.webm,0.859,0.786
video8074.webm,0.867,0.760
video8075.webm,0.896,0.816
video8076.webm,0.848,0.821
video8077.webm,0.914,0.835
video8078.webm,0.903,0.829
video8079.webm,0.790,0.769
video8080.webm,0.852,0.745
video8081.webm,0.825,0.816
video8082.webm,0.879,0.805
video8084.webm,0.808,0.730
video8085.webm,0.856,0.768
video8086.webm,0.849,0.806
video8087.webm,0.846,0.801
video8088.webm,0.875,0.814
video8089.webm,0.884,0.759
video8090.webm,0.869,0.819
video8091.webm,0.866,0.791
video8092.webm,0.908,0.850
video8095.webm,0.850,0.808
video8096.webm,0.808,0.718
video8097.webm,0.885,0.815
video8098.webm,0.869,0.845
video8100.webm,0.897,0.864
video8101.webm,0.922,0.802
video8102.webm,0.856,0.777
video8103.webm,0.848,0.821
video8104.webm,0.817,0.695
video8105.webm,0.891,0.817
video8108.webm,0.887,0.806
video8109.webm,0.854,0.746
video8110.webm,0.911,0.842
video8111.webm,0.874,0.825
video8112.webm,0.861,0.786
video8113.webm,0.854,0.775
video8114.webm,0.857,0.759
video8115.webm,0.904,0.678
video8118.webm,0.795,0.679
video8120.webm,0.778,0.681
video8121.webm,0.813,0.739
video8122.webm,0.883,0.818
video8123.webm,0.861,0.746
video8124.webm,0.886,0.788
video8126.webm,0.868,0.808
video8127.webm,0.839,0.753
video8128.webm,0.902,0.845
video8131.webm,0.914,0.850
video8132.webm,0.805,0.780
video8134.webm,0.889,0.833
video8136.webm,0.868,0.757
video8137.webm,0.848,0.758
video8138.webm,0.909,0.834
video8140.webm,0.898,0.706
video8142.webm,0.914,0.848
video8145.webm,0.894,0.826
video8146.webm,0.877,0.820
video8147.webm,0.880,0.784
video8149.webm,0.908,0.849
video8150.webm,0.884,0.816
video8151.webm,0.829,0.852
video8152.webm,0.905,0.835
video8153.webm,0.929,0.854
video8155.webm,0.930,0.816
video8156.webm,0.894,0.814
video8157.webm,0.879,0.854
video8158.webm,0.882,0.808
video8159.webm,0.773,0.676
video8161.webm,0.896,0.815
video8162.webm,0.881,0.783
video8163.webm,0.864,0.822
video8165.webm,0.804,0.717
video8166.webm,0.802,0.715
video8167.webm,0.886,0.674
video8168.webm,0.853,0.731
video8169.webm,0.867,0.846
video8170.webm,0.875,0.762
video8171.webm,0.876,0.817
video8172.webm,0.860,0.768
video8174.webm,0.876,0.776
video8175.webm,0.906,0.829
video8178.webm,0.872,0.814
video8179.webm,0.813,0.803
video8180.webm,0.773,0.678
video8181.webm,0.884,0.846
video8182.webm,0.851,0.789
video8184.webm,0.832,0.784
video8185.webm,0.829,0.779
video8186.webm,0.911,0.844
video8187.webm,0.926,0.844
video8188.webm,0.868,0.811
video8189.webm,0.857,0.755
video8190.webm,0.836,0.747
video8191.webm,0.843,0.721
video8192.webm,0.888,0.839
video8193.webm,0.887,0.789
video8194.webm,0.779,0.680
video8195.webm,0.860,0.819
video8196.webm,0.883,0.705
video8197.webm,0.905,0.803
video8198.webm,0.897,0.825
video8199.webm,0.860,0.799
video8200.webm,0.898,0.817
video8201.webm,0.895,0.852
video8202.webm,0.858,0.784
video8205.webm,0.867,0.707
video8206.webm,0.816,0.737
video8207.webm,0.896,0.876
video8208.webm,0.930,0.816
video8209.webm,0.832,0.748
video8210.webm,0.773,0.682
video8211.webm,0.789,0.691
video8214.webm,0.794,0.765
video8215.webm,0.914,0.946
video8216.webm,0.880,0.783
video8217.webm,0.854,0.822
video8218.webm,0.892,0.803
video8219.webm,0.791,0.693
video8220.webm,0.900,0.824
video8221.webm,0.875,0.818
video8222.webm,0.889,0.847
video8224.webm,0.786,0.695
video8225.webm,0.881,0.781
video8226.webm,0.870,0.817
video8227.webm,0.880,0.784
video8228.webm,0.869,0.808
video8229.webm,0.864,0.735
video8230.webm,0.872,0.805
video8231.webm,0.859,0.810
video8233.webm,0.873,0.704
video8234.webm,0.845,0.791
video8235.webm,0.834,0.762
video8236.webm,0.829,0.755
video8238.webm,0.896,0.815
video8239.webm,0.808,0.722
video8240.webm,0.740,0.724
video8241.webm,0.867,0.783
video8243.webm,0.890,0.877
video8245.webm,0.874,0.840
video8246.webm,0.897,0.850
video8247.webm,0.876,0.733
video8249.webm,0.878,0.782
video8251.webm,0.875,0.802
video8252.webm,0.900,0.824
video8253.webm,0.781,0.684
video8254.webm,0.814,0.799
video8256.webm,0.848,0.815
video8259.webm,0.895,0.849
video8260.webm,0.868,0.813
video8261.webm,0.873,0.788
video8263.webm,0.876,0.737
video8265.webm,0.860,0.812
video8266.webm,0.842,0.733
video8267.webm,0.893,0.818
video8268.webm,0.889,0.769
video8269.webm,0.813,0.789
video8271.webm,0.816,0.818
video8272.webm,0.887,0.798
video8274.webm,0.897,0.795
video8275.webm,0.828,0.761
video8276.webm,0.804,0.817
video8277.webm,0.909,0.820
video8279.webm,0.909,0.835
video8280.webm,0.852,0.801
video8282.webm,0.900,0.799
video8283.webm,0.811,0.650
video8284.webm,0.899,0.827
video8286.webm,0.875,0.803
video8287.webm,0.879,0.832
video8288.webm,0.794,0.732
video8289.webm,0.900,0.828
video8290.webm,0.900,0.846
video8291.webm,0.881,0.849
video8292.webm,0.846,0.756
video8293.webm,0.854,0.843
video8294.webm,0.875,0.826
video8295.webm,0.873,0.793
video8296.webm,0.920,0.825
video8297.webm,0.911,0.812
video8299.webm,0.889,0.805
video8300.webm,0.850,0.734
video8301.webm,0.894,0.814
video8303.webm,0.901,0.806
video8304.webm,0.811,0.798
video8305.webm,0.856,0.833
video8306.webm,0.858,0.746
video8308.webm,0.856,0.829
video8309.webm,0.829,0.757
video8310.webm,0.880,0.784
video8311.webm,0.825,0.822
video8313.webm,0.884,0.824
video8314.webm,0.889,0.842
video8316.webm,0.893,0.829
video8317.webm,0.797,0.699
video8318.webm,0.902,0.808
video8319.webm,0.896,0.815
video8322.webm,0.853,0.801
video8323.webm,0.880,0.783
video8324.webm,0.818,0.748
video8325.webm,0.876,0.776
video8326.webm,0.785,0.723
video8327.webm,0.854,0.828
video8328.webm,0.832,0.781
video8329.webm,0.907,0.859
video8330.webm,0.793,0.804
video8331.webm,0.895,0.818
video8333.webm,0.896,0.822
video8334.webm,0.900,0.823
video8335.webm,0.892,0.815
video8336.webm,0.897,0.831
video8337.webm,0.920,0.909
video8338.webm,0.874,0.820
video8339.webm,0.806,0.740
video8341.webm,0.859,0.786
video8344.webm,0.804,0.766
video8345.webm,0.896,0.815
video8346.webm,0.924,0.799
video8347.webm,0.859,0.772
video8348.webm,0.890,0.799
video8349.webm,0.845,0.755
video8350.webm,0.893,0.852
video8351.webm,0.857,0.786
video8352.webm,0.928,0.910
video8353.webm,0.804,0.739
video8354.webm,0.851,0.814
video8355.webm,0.906,0.864
video8356.webm,0.891,0.804
video8357.webm,0.910,0.863
video8358.webm,0.895,0.827
video8359.webm,0.852,0.802
video8360.webm,0.921,0.912
video8361.webm,0.877,0.829
video8363.webm,0.869,0.792
video8364.webm,0.904,0.831
video8365.webm,0.882,0.724
video8366.webm,0.867,0.763
video8367.webm,0.903,0.814
video8368.webm,0.906,0.821
video8369.webm,0.910,0.778
video8371.webm,0.852,0.696
video8374.webm,0.910,0.836
video8375.webm,0.871,0.746
video8377.webm,0.848,0.821
video8378.webm,0.828,0.652
video8379.webm,0.878,0.813
video8380.webm,0.890,0.808
video8381.webm,0.904,0.825
video8382.webm,0.887,0.832
video8383.webm,0.882,0.828
video8384.webm,0.878,0.667
video8385.webm,0.837,0.679
video8386.webm,0.859,0.793
video8387.webm,0.920,0.719
video8389.webm,0.921,0.806
video8390.webm,0.898,0.842
video8394.webm,0.905,0.883
video8395.webm,0.870,0.757
video8396.webm,0.870,0.803
video8397.webm,0.902,0.812
video8398.webm,0.853,0.792
video8399.webm,0.872,0.818
video8400.webm,0.897,0.823
video8401.webm,0.867,0.803
video8402.webm,0.913,0.813
video8403.webm,0.877,0.791
video8405.webm,0.924,0.811
video8406.webm,0.866,0.775
video8407.webm,0.902,0.816
video8409.webm,0.847,0.856
video8410.webm,0.900,0.829
video8414.webm,0.851,0.790
video8415.webm,0.801,0.718
video8420.webm,0.842,0.786
video8421.webm,0.769,0.562
video8422.webm,0.887,0.803
video8423.webm,0.891,0.824
video8425.webm,0.859,0.783
video8426.webm,0.904,0.797
video8427.webm,0.818,0.813
video8428.webm,0.843,0.817
video8429.webm,0.861,0.786
video8430.webm,0.778,0.681
video8433.webm,0.906,0.827
video8434.webm,0.847,0.822
video8435.webm,0.869,0.758
video8436.webm,0.901,0.844
video8437.webm,0.848,0.738
video8438.webm,0.895,0.814
video8439.webm,0.886,0.831
video8441.webm,0.903,0.812
video8442.webm,0.870,0.768
video8443.webm,0.810,0.715
video8444.webm,0.825,0.595
video8446.webm,0.795,0.695
video8447.webm,0.884,0.733
video8448.webm,0.892,0.790
video8449.webm,0.865,0.798
video8451.webm,0.935,0.879
video8452.webm,0.851,0.761
video8453.webm,0.862,0.837
video8454.webm,0.869,0.830
video8455.webm,0.846,0.814
video8456.webm,0.852,0.768
video8458.webm,0.799,0.716
video8459.webm,0.838,0.791
video8461.webm,0.898,0.831
video8464.webm,0.829,0.792
video8465.webm,0.881,0.702
video8466.webm,0.900,0.823
video8468.webm,0.856,0.719
video8470.webm,0.873,0.773
video8471.webm,0.886,0.856
video8472.webm,0.782,0.704
video8473.webm,0.812,0.722
video8474.webm,0.865,0.741
video8475.webm,0.887,0.746
video8476.webm,0.888,0.801
video8477.webm,0.885,0.799
video8478.webm,0.864,0.818
video8479.webm,0.835,0.789
video8480.webm,0.777,0.615
video8481.webm,0.825,0.822
video8482.webm,0.795,0.699
video8485.webm,0.810,0.714
video8487.webm,0.867,0.797
video8488.webm,0.899,0.804
video8489.webm,0.866,0.836
video8491.webm,0.891,0.728
video8492.webm,0.881,0.833
video8493.webm,0.899,0.818
video8494.webm,0.871,0.821
video8495.webm,0.860,0.786
video8496.webm,0.875,0.786
video8497.webm,0.908,0.836
video8498.webm,0.881,0.827
video8499.webm,0.883,0.860
video8500.webm,0.857,0.735
video8503.webm,0.885,0.798
video8504.webm,0.835,0.758
video8505.webm,0.893,0.811
video8506.webm,0.857,0.722
video8507.webm,0.865,0.803
video8508.webm,0.839,0.771
video8509.webm,0.869,0.804
video8510.webm,0.789,0.710
video8512.webm,0.900,0.838
video8513.webm,0.876,0.777
video8514.webm,0.865,0.792
video8515.webm,0.856,0.802
video8516.webm,0.876,0.782
video8517.webm,0.857,0.777
video8518.webm,0.872,0.815
video8520.webm,0.925,0.816
video8521.webm,0.899,0.810
video8522.webm,0.898,0.803
video8525.webm,0.862,0.835
video8526.webm,0.852,0.802
video8529.webm,0.838,0.800
video8530.webm,0.809,0.710
video8531.webm,0.875,0.827
video8532.webm,0.896,0.804
video8535.webm,0.909,0.867
video8538.webm,0.908,0.865
video8542.webm,0.859,0.786
video8543.webm,0.913,0.850
video8544.webm,0.795,0.768
video8545.webm,0.852,0.776
video8546.webm,0.898,0.857
video8547.webm,0.913,0.869
video8549.webm,0.869,0.759
video8550.webm,0.888,0.790
video8551.webm,0.882,0.792
video8552.webm,0.893,0.806
video8553.webm,0.841,0.745
video8554.webm,0.927,0.854
video8556.webm,0.872,0.770
video8557.webm,0.860,0.787
video8558.webm,0.855,0.784
video8560.webm,0.869,0.829
video8561.webm,0.846,0.804
video8562.webm,0.872,0.778
video8563.webm,0.845,0.818
video8565.webm,0.876,0.778
video8566.webm,0.874,0.792
video8568.webm,0.875,0.798
video8572.webm,0.879,0.787
video8573.webm,0.766,0.684
video8575.webm,0.854,0.801
video8576.webm,0.895,0.849
video8577.webm,0.903,0.807
video8578.webm,0.919,0.832
video8579.webm,0.862,0.862
video8580.webm,0.810,0.726
video8581.webm,0.906,0.863
video8582.webm,0.847,0.807
video8583.webm,0.892,0.809
video8584.webm,0.897,0.838
video8585.webm,0.848,0.821
video8586.webm,0.891,0.796
video8587.webm,0.923,0.815
video8588.webm,0.863,0.828
video8590.webm,0.880,0.783
video8591.webm,0.789,0.732
video8592.webm,0.888,0.822
video8593.webm,0.823,0.776
video8594.webm,0.877,0.820
video8595.webm,0.931,0.853
video8596.webm,0.893,0.812
video8597.webm,0.880,0.783
video8598.webm,0.848,0.812
video8600.webm,0.890,0.793
video8601.webm,0.860,0.804
video8602.webm,0.834,0.781
video8603.webm,0.872,0.787
video8604.webm,0.853,0.802
video8605.webm,0.812,0.821
video8606.webm,0.898,0.823
video8607.webm,0.866,0.802
video8609.webm,0.905,0.891
video8611.webm,0.772,0.610
video8613.webm,0.853,0.742
video8614.webm,0.823,0.767
video8615.webm,0.866,0.803
video8616.webm,0.924,0.886
video8618.webm,0.865,0.832
video8619.webm,0.897,0.830
video8621.webm,0.892,0.853
video8622.webm,0.894,0.840
video8623.webm,0.861,0.831
video8624.webm,0.876,0.786
video8625.webm,0.870,0.793
video8628.webm,0.881,0.815
video8629.webm,0.889,0.822
video8630.webm,0.898,0.802
video8631.webm,0.824,0.722
video8632.webm,0.865,0.771
video8633.webm,0.804,0.701
video8635.webm,0.875,0.821
video8636.webm,0.849,0.788
video8637.webm,0.891,0.816
video8638.webm,0.816,0.718
video8640.webm,0.922,0.815
video8641.webm,0.897,0.838
video8642.webm,0.869,0.827
video8643.webm,0.848,0.781
video8644.webm,0.843,0.796
video8646.webm,0.880,0.812
video8647.webm,0.822,0.725
video8648.webm,0.826,0.823
video8649.webm,0.874,0.778
video8650.webm,0.849,0.780
video8652.webm,0.875,0.823
video8653.webm,0.885,0.787
video8654.webm,0.875,0.808
video8655.webm,0.887,0.820
video8657.webm,0.860,0.805
video8658.webm,0.821,0.739
video8659.webm,0.893,0.786
video8660.webm,0.756,0.730
video8661.webm,0.789,0.708
video8663.webm,0.840,0.820
video8664.webm,0.905,0.867
video8665.webm,0.869,0.808
video8667.webm,0.885,0.783
video8668.webm,0.920,0.846
video8669.webm,0.819,0.770
video8670.webm,0.897,0.780
video8671.webm,0.906,0.826
video8672.webm,0.816,0.763
video8673.webm,0.880,0.790
video8674.webm,0.920,0.847
video8676.webm,0.829,0.757
video8677.webm,0.843,0.834
video8678.webm,0.839,0.807
video8679.webm,0.773,0.707
video8680.webm,0.788,0.737
video8683.webm,0.874,0.844
video8684.webm,0.899,0.807
video8685.webm,0.887,0.801
video8687.webm,0.840,0.696
video8689.webm,0.930,0.860
video8691.webm,0.893,0.813
video8692.webm,0.888,0.792
video8693.webm,0.901,0.780
video8694.webm,0.776,0.680
video8695.webm,0.837,0.766
video8696.webm,0.875,0.825
video8698.webm,0.831,0.780
video8700.webm,0.779,0.855
video8701.webm,0.887,0.794
video8702.webm,0.851,0.819
video8704.webm,0.826,0.774
video8705.webm,0.835,0.793
video8708.webm,0.849,0.763
video8709.webm,0.799,0.670
video8710.webm,0.875,0.793
video8711.webm,0.879,0.815
video8713.webm,0.773,0.677
video8714.webm,0.913,0.867
video8717.webm,0.890,0.882
video8718.webm,0.849,0.821
video8719.webm,0.889,0.791
video8720.webm,0.875,0.770
video8722.webm,0.835,0.744
video8723.webm,0.864,0.828
video8724.webm,0.851,0.776
video8725.webm,0.876,0.814
video8726.webm,0.806,0.709
video8727.webm,0.837,0.775
video8729.webm,0.897,0.816
video8730.webm,0.883,0.819
video8731.webm,0.910,0.820
video8732.webm,0.860,0.842
video8733.webm,0.806,0.750
video8734.webm,0.836,0.771
video8735.webm,0.776,0.685
video8736.webm,0.873,0.791
video8738.webm,0.855,0.816
video8739.webm,0.880,0.832
video8740.webm,0.894,0.814
video8741.webm,0.832,0.754
video8742.webm,0.844,0.800
video8743.webm,0.866,0.762
video8744.webm,0.838,0.670
video8746.webm,0.877,0.771
video8748.webm,0.890,0.752
video8749.webm,0.827,0.770
video8750.webm,0.887,0.827
video8751.webm,0.888,0.833
video8752.webm,0.882,0.848
video8753.webm,0.896,0.834
video8754.webm,0.866,0.805
video8755.webm,0.840,0.793
video8756.webm,0.871,0.776
video8757.webm,0.868,0.796
video8758.webm,0.814,0.727
video8759.webm,0.884,0.788
video8760.webm,0.886,0.797
video8762.webm,0.814,0.652
video8763.webm,0.842,0.771
video8764.webm,0.892,0.849
video8765.webm,0.882,0.833
video8766.webm,0.849,0.735
video8768.webm,0.884,0.836
video8770.webm,0.889,0.819
video8771.webm,0.906,0.835
video8772.webm,0.884,0.818
video8774.webm,0.891,0.815
video8775.webm,0.876,0.774
video8776.webm,0.799,0.705
video8778.webm,0.873,0.823
video8779.webm,0.826,0.769
video8780.webm,0.904,0.874
video8781.webm,0.896,0.827
video8782.webm,0.844,0.778
video8783.webm,0.872,0.801
video8784.webm,0.852,0.792
video8785.webm,0.900,0.816
video8786.webm,0.897,0.806
video8788.webm,0.907,0.838
video8789.webm,0.780,0.683
video8790.webm,0.915,0.817
video8791.webm,0.865,0.817
video8792.webm,0.867,0.804
video8794.webm,0.894,0.897
video8795.webm,0.861,0.817
video8796.webm,0.869,0.789
video8797.webm,0.890,0.732
video8799.webm,0.854,0.772
video8800.webm,0.930,0.901
video8802.webm,0.904,0.850
video8803.webm,0.874,0.832
video8804.webm,0.825,0.822
video8805.webm,0.894,0.819
video8806.webm,0.890,0.874
video8807.webm,0.864,0.790
video8808.webm,0.863,0.773
video8810.webm,0.908,0.871
video8811.webm,0.885,0.790
video8813.webm,0.827,0.789
video8814.webm,0.893,0.808
video8815.webm,0.859,0.774
video8816.webm,0.908,0.862
video8817.webm,0.845,0.786
video8818.webm,0.823,0.739
video8819.webm,0.840,0.801
video8820.webm,0.910,0.867
video8821.webm,0.823,0.732
video8822.webm,0.918,0.833
video8825.webm,0.912,0.838
video8826.webm,0.897,0.843
video8827.webm,0.855,0.777
video8828.webm,0.920,0.845
video8829.webm,0.837,0.677
video8830.webm,0.916,0.917
video8833.webm,0.874,0.776
video8834.webm,0.839,0.784
video8835.webm,0.873,0.858
video8837.webm,0.866,0.811
video8838.webm,0.884,0.782
video8840.webm,0.882,0.801
video8842.webm,0.906,0.830
video8843.webm,0.851,0.768
video8845.webm,0.859,0.786
video8846.webm,0.842,0.795
video8849.webm,0.848,0.818
video8851.webm,0.864,0.743
video8852.webm,0.882,0.846
video8853.webm,0.883,0.824
video8855.webm,0.797,0.652
video8856.webm,0.861,0.833
video8858.webm,0.907,0.820
video8859.webm,0.884,0.804
video8860.webm,0.908,0.811
video8861.webm,0.820,0.799
video8862.webm,0.845,0.755
video8863.webm,0.843,0.698
video8865.webm,0.883,0.823
video8866.webm,0.859,0.838
video8868.webm,0.804,0.718
video8869.webm,0.855,0.829
video8870.webm,0.874,0.808
video8871.webm,0.886,0.789
video8872.webm,0.852,0.802
video8873.webm,0.911,0.834
video8874.webm,0.881,0.717
video8875.webm,0.873,0.772
video8876.webm,0.898,0.873
video8877.webm,0.901,0.816
video8878.webm,0.861,0.814
video8879.webm,0.926,0.826
video8881.webm,0.804,0.637
video8883.webm,0.897,0.831
video8885.webm,0.852,0.822
video8887.webm,0.878,0.781
video8888.webm,0.850,0.797
video8889.webm,0.812,0.663
video8890.webm,0.846,0.808
video8891.webm,0.841,0.790
video8892.webm,0.871,0.819
video8893.webm,0.865,0.790
video8894.webm,0.820,0.731
video8895.webm,0.831,0.819
video8896.webm,0.878,0.724
video8897.webm,0.823,0.679
video8900.webm,0.858,0.733
video8902.webm,0.854,0.806
video8903.webm,0.894,0.795
video8904.webm,0.774,0.678
video8905.webm,0.917,0.800
video8906.webm,0.843,0.774
video8907.webm,0.844,0.751
video8909.webm,0.892,0.836
video8910.webm,0.874,0.787
video8911.webm,0.900,0.809
video8912.webm,0.889,0.777
video8913.webm,0.865,0.771
video8914.webm,0.847,0.799
video8915.webm,0.882,0.821
video8916.webm,0.863,0.748
video8918.webm,0.844,0.761
video8920.webm,0.858,0.675
video8923.webm,0.860,0.816
video8924.webm,0.888,0.835
video8926.webm,0.875,0.801
video8928.webm,0.865,0.766
video8929.webm,0.935,0.854
video8930.webm,0.848,0.764
video8931.webm,0.914,0.844
video8932.webm,0.905,0.869
video8933.webm,0.869,0.812
video8934.webm,0.830,0.763
video8935.webm,0.899,0.826
video8937.webm,0.870,0.813
video8938.webm,0.874,0.819
video8940.webm,0.848,0.786
video8942.webm,0.853,0.823
video8944.webm,0.862,0.820
video8945.webm,0.802,0.724
video8946.webm,0.890,0.813
video8948.webm,0.852,0.801
video8949.webm,0.839,0.766
video8950.webm,0.882,0.798
video8952.webm,0.869,0.784
video8953.webm,0.933,0.418
video8954.webm,0.873,0.769
video8955.webm,0.784,0.694
video8956.webm,0.893,0.832
video8957.webm,0.908,0.848
video8959.webm,0.839,0.771
video8960.webm,0.895,0.796
video8961.webm,0.871,0.761
video8962.webm,0.824,0.785
video8963.webm,0.874,0.787
video8964.webm,0.887,0.844
video8965.webm,0.846,0.732
video8967.webm,0.874,0.759
video8968.webm,0.898,0.810
video8969.webm,0.901,0.844
video8970.webm,0.891,0.814
video8972.webm,0.893,0.816
video8973.webm,0.851,0.590
video8974.webm,0.873,0.781
video8976.webm,0.821,0.745
video8977.webm,0.785,0.716
video8978.webm,0.880,0.783
video8979.webm,0.896,0.815
video8980.webm,0.821,0.652
video8981.webm,0.836,0.787
video8983.webm,0.886,0.790
video8984.webm,0.868,0.778
video8985.webm,0.864,0.742
video8986.webm,0.848,0.821
video8987.webm,0.896,0.839
video8988.webm,0.865,0.725
video8989.webm,0.896,0.814
video8990.webm,0.895,0.813
video8992.webm,0.834,0.721
video8994.webm,0.854,0.773
video8995.webm,0.886,0.815
video8997.webm,0.893,0.803
video8998.webm,0.914,0.857
video8999.webm,0.827,0.785
video9000.webm,0.809,0.715
video9001.webm,0.691,0.635
video9003.webm,0.865,0.808
video9004.webm,0.779,0.724
video9005.webm,0.885,0.828
video9006.webm,0.837,0.823
video9007.webm,0.897,0.818
video9008.webm,0.881,0.803
video9009.webm,0.879,0.782
video9010.webm,0.907,0.850
video9011.webm,0.931,0.818
video9012.webm,0.880,0.783
video9013.webm,0.832,0.773
video9014.webm,0.859,0.732
video9016.webm,0.844,0.781
video9017.webm,0.888,0.800
video9018.webm,0.931,0.755
video9020.webm,0.920,0.846
video9022.webm,0.895,0.827
video9025.webm,0.880,0.784
video9026.webm,0.895,0.819
video9027.webm,0.880,0.929
video9028.webm,0.805,0.583
video9031.webm,0.750,0.833
video9032.webm,0.953,0.933
video9033.webm,0.801,0.692
video9034.webm,0.744,0.300
video9035.webm,0.729,0.857
video9037.webm,0.656,0.600
video9038.webm,0.783,0.786
video9039.webm,0.865,0.786
video9041.webm,0.950,0.857
video9042.webm,0.867,0.846
video9044.webm,0.984,0.800
video9045.webm,0.926,0.846
video9047.webm,0.893,0.750
video9048.webm,0.896,0.818
video9050.webm,0.897,0.800
video9052.webm,0.857,0.750
video9053.webm,0.859,0.556
video9055.webm,0.794,0.909
video9056.webm,0.893,0.889
video9057.webm,0.947,0.900
video9058.webm,0.744,0.909
video9059.webm,0.922,0.714
video9060.webm,0.895,0.867
video9061.webm,0.894,0.750
video9063.webm,0.985,0.900
video9064.webm,0.922,0.800
video9065.webm,0.894,0.909
video9066.webm,0.736,0.700
video9067.webm,0.859,0.462
video9068.webm,0.892,0.917
video9069.webm,0.891,0.500
video9070.webm,0.896,0.611
video9071.webm,0.779,0.800
video9072.webm,0.924,1.000
video9073.webm,0.836,0.636
video9074.webm,0.867,0.625
video9075.webm,0.888,0.667
video9076.webm,0.910,0.600
video9078.webm,0.836,0.600
video9079.webm,0.685,0.583
video9082.webm,0.924,0.750
video9083.webm,0.867,0.909
video9084.webm,0.867,0.727
video9086.webm,0.833,0.692
video9088.webm,0.873,0.667
video9089.webm,0.955,0.895
video9090.webm,0.895,0.800
video9091.webm,0.891,0.769
video9092.webm,0.840,0.900
video9093.webm,0.860,1.000
video9094.webm,0.723,0.941
video9095.webm,0.803,0.308
video9096.webm,0.869,0.875
video9097.webm,0.928,0.583
video9098.webm,0.921,0.923
video9100.webm,0.863,0.700
video9101.webm,0.953,0.846
video9102.webm,0.720,0.438
video9103.webm,0.894,0.636
video9105.webm,0.771,0.846
video9106.webm,0.982,0.786
video9107.webm,0.894,0.778
video9108.webm,0.926,0.778
video9109.webm,0.923,0.833
video9110.webm,0.812,0.700
video9112.webm,0.830,0.692
video9113.webm,0.896,0.917
video9114.webm,0.758,0.529
video9115.webm,0.704,0.700
video9116.webm,0.889,0.923
video9117.webm,0.840,0.857
video9118.webm,0.808,0.700
video9119.webm,0.883,0.700
video9120.webm,0.862,0.909
video9121.webm,0.773,0.917
video9123.webm,0.951,0.769
video9125.webm,0.833,0.833
video9127.webm,0.795,0.700
video9128.webm,0.820,0.700
video9130.webm,0.882,0.700
video9131.webm,0.733,0.846
video9132.webm,0.952,0.917
video9133.webm,0.813,0.400
video9134.webm,0.954,0.909
video9135.webm,0.832,0.500
video9137.webm,0.951,0.900
video9138.webm,0.864,0.800
video9139.webm,0.983,0.900
video9140.webm,0.956,0.818
video9141.webm,0.865,0.750
video9142.webm,0.923,0.556
video9143.webm,0.954,0.917
video9145.webm,0.953,0.900
video9147.webm,0.677,0.684
video9150.webm,0.950,0.818
video9151.webm,0.928,0.833
video9152.webm,0.814,0.909
video9153.webm,0.838,1.000
video9155.webm,0.920,0.800
video9157.webm,0.922,0.778
video9158.webm,0.983,0.846
video9159.webm,0.919,1.000
video9160.webm,0.720,0.714
video9162.webm,0.841,0.583
video9163.webm,0.866,0.909
video9165.webm,0.805,1.000
video9166.webm,0.930,0.818
video9167.webm,0.923,1.000
video9168.webm,0.911,0.800
video9169.webm,0.924,0.700
video9170.webm,0.884,1.000
video9171.webm,0.950,0.857
video9172.webm,0.895,1.000
video9174.webm,0.863,0.900
video9175.webm,0.837,0.923
video9176.webm,0.861,0.833
video9177.webm,0.833,0.857
video9179.webm,0.929,0.800
video9180.webm,0.773,0.800
video9181.webm,0.683,0.400
video9183.webm,0.776,0.818
video9184.webm,0.879,0.556
video9185.webm,0.923,0.900
video9186.webm,0.745,0.571
video9187.webm,0.862,0.733
video9188.webm,0.779,1.000
video9190.webm,0.928,1.000
video9191.webm,0.922,0.909
video9192.webm,0.797,0.800
video9193.webm,0.864,0.909
video9194.webm,0.682,0.667
video9197.webm,0.802,0.818
video9198.webm,0.876,0.889
video9202.webm,0.980,0.700
video9203.webm,0.934,0.833
video9204.webm,0.953,0.882
video9205.webm,0.923,0.867
video9206.webm,0.809,0.944
video9207.webm,0.914,1.000
video9208.webm,0.925,0.889
video9209.webm,0.844,0.667
video9210.webm,0.865,0.700
video9211.webm,0.915,0.826
video9212.webm,0.896,0.929
video9213.webm,0.836,0.800
video9214.webm,0.894,0.800
video9215.webm,0.898,0.500
video9216.webm,0.891,0.727
video9217.webm,0.748,0.929
video9218.webm,0.753,0.571
video9219.webm,0.833,0.667
video9220.webm,0.951,0.750
video9221.webm,0.896,0.875
video9222.webm,0.766,0.900
video9223.webm,0.780,0.900
video9224.webm,0.951,0.889
video9225.webm,0.894,0.909
video9226.webm,0.706,0.545
video9227.webm,0.768,0.625
video9228.webm,0.863,0.857
video9229.webm,0.860,0.889
video9230.webm,0.812,0.800
video9231.webm,0.883,0.750
video9232.webm,0.803,0.727
video9234.webm,0.892,0.750
video9235.webm,0.865,0.700
video9236.webm,0.831,0.813
video9239.webm,0.805,0.615
video9240.webm,0.955,1.000
video9241.webm,0.893,0.923
video9242.webm,0.895,0.900
video9243.webm,0.923,0.769
video9245.webm,0.919,0.733
video9246.webm,0.838,0.800
video9247.webm,0.756,0.727
video9248.webm,0.802,0.750
video9249.webm,0.864,0.857
video9250.webm,0.899,1.000
video9251.webm,0.925,0.900
video9252.webm,0.769,0.821
video9253.webm,0.771,0.818
video9254.webm,0.829,0.667
video9255.webm,0.920,0.750
video9256.webm,0.828,0.800
video9257.webm,0.847,0.947
video9258.webm,0.896,0.818
video9259.webm,0.982,0.700
video9260.webm,0.808,0.500
video9261.webm,0.921,0.857
video9262.webm,0.838,0.917
video9263.webm,0.897,0.889
video9266.webm,0.832,0.464
video9268.webm,0.898,0.909
video9269.webm,0.982,0.917
video9270.webm,0.896,0.818
video9271.webm,0.769,0.769
video9273.webm,0.767,0.455
video9275.webm,0.744,0.583
video9276.webm,0.950,0.800
video9277.webm,0.779,0.692
video9278.webm,0.922,0.909
video9280.webm,0.921,0.857
video9282.webm,0.801,0.769
video9283.webm,0.924,0.615
video9284.webm,0.898,0.938
video9288.webm,0.854,0.917
video9289.webm,0.925,0.833
video9290.webm,0.742,0.917
video9291.webm,0.924,1.000
video9292.webm,0.832,0.833
video9293.webm,0.779,0.824
video9294.webm,0.932,0.900
video9295.webm,0.803,0.600
video9296.webm,0.827,0.857
video9297.webm,0.953,0.700
video9298.webm,0.837,0.583
video9299.webm,0.890,0.923
video9300.webm,0.577,0.400
video9301.webm,0.809,0.727
video9302.webm,0.951,0.846
video9303.webm,0.841,0.636
video9304.webm,0.951,0.941
video9305.webm,0.771,0.778
video9307.webm,0.809,0.750
video9309.webm,0.873,0.643
video9310.webm,0.632,0.733
video9311.webm,0.837,0.545
video9312.webm,0.926,0.783
video9313.webm,0.803,0.800
video9315.webm,0.814,0.786
video9316.webm,0.700,0.333
video9317.webm,0.953,0.538
video9318.webm,0.906,0.826
video9319.webm,0.948,0.786
video9321.webm,0.849,0.522
video9322.webm,0.926,0.750
video9323.webm,0.890,1.000
video9324.webm,0.694,0.900
video9327.webm,0.811,0.900
video9328.webm,0.951,0.857
video9329.webm,0.737,0.765
video9330.webm,0.779,0.500
video9331.webm,0.802,0.400
video9333.webm,0.867,0.500
video9334.webm,0.863,0.200
video9335.webm,0.869,0.889
video9337.webm,0.898,0.810
video9339.webm,0.924,0.800
video9341.webm,0.839,0.800
video9342.webm,0.920,0.667
video9343.webm,0.935,1.000
video9344.webm,0.862,0.615
video9345.webm,0.780,0.500
video9347.webm,0.782,0.692
video9348.webm,0.636,0.636
video9349.webm,0.659,0.800
video9350.webm,0.842,0.900
video9353.webm,0.891,0.923
video9354.webm,0.896,0.800
video9356.webm,0.743,0.667
video9357.webm,0.728,0.500
video9358.webm,0.863,0.909
video9359.webm,0.795,0.444
video9360.webm,0.923,0.800
video9361.webm,0.772,0.889
video9362.webm,0.923,0.900
video9365.webm,0.655,0.778
video9366.webm,0.686,0.364
video9367.webm,0.955,1.000
video9368.webm,0.775,0.667
video9369.webm,0.983,0.933
video9370.webm,0.883,0.615
video9371.webm,0.984,0.727
video9372.webm,0.863,0.800
video9373.webm,0.921,0.900
video9374.webm,0.667,0.500
video9375.webm,0.871,0.900
video9376.webm,0.896,0.600
video9377.webm,0.919,0.778
video9379.webm,0.806,0.667
video9380.webm,0.805,0.700
video9381.webm,0.804,0.727
video9382.webm,0.892,1.000
video9385.webm,0.684,0.500
video9386.webm,0.924,0.800
video9387.webm,0.894,0.714
video9388.webm,0.933,0.889
video9389.webm,0.665,0.563
video9390.webm,0.833,0.786
video9391.webm,0.943,0.889
video9392.webm,0.860,0.900
video9393.webm,0.838,1.000
video9394.webm,0.778,0.909
video9395.webm,0.654,0.400
video9396.webm,0.797,0.900
video9397.webm,0.985,0.900
video9398.webm,0.773,0.643
video9399.webm,0.923,0.400
video9400.webm,0.873,0.667
video9402.webm,0.831,0.923
video9403.webm,0.897,0.917
video9404.webm,0.922,0.632
video9405.webm,0.956,0.947
video9406.webm,0.891,0.933
video9407.webm,0.895,1.000
video9408.webm,0.697,0.739
video9409.webm,0.809,0.529
video9412.webm,0.922,0.867
video9414.webm,0.921,0.900
video9415.webm,0.954,0.929
video9416.webm,0.984,1.000
video9417.webm,0.893,0.933
video9419.webm,0.922,1.000
video9420.webm,0.742,0.333
video9421.webm,0.833,1.000
video9422.webm,0.747,0.700
video9423.webm,0.776,0.789
video9424.webm,0.779,0.818
video9425.webm,0.980,0.917
video9426.webm,0.743,0.733
video9427.webm,0.808,0.933
video9428.webm,0.953,0.833
video9430.webm,0.876,0.556
video9431.webm,0.803,0.500
video9432.webm,0.892,0.875
video9433.webm,0.769,0.667
video9434.webm,0.920,0.667
video9435.webm,0.936,0.900
video9437.webm,0.891,0.769
video9438.webm,0.700,0.909
video9439.webm,0.779,0.600
video9440.webm,0.920,0.900
video9441.webm,0.832,0.800
video9443.webm,0.646,0.818
video9445.webm,0.812,0.800
video9446.webm,0.897,0.700
video9448.webm,0.730,0.813
video9449.webm,0.837,0.300
video9450.webm,0.948,0.750
video9451.webm,0.872,0.769
video9452.webm,0.894,1.000
video9453.webm,0.981,0.833
video9454.webm,0.868,0.909
video9455.webm,0.863,0.692
video9456.webm,0.775,0.909
video9457.webm,0.928,0.792
video9460.webm,0.816,0.833
video9461.webm,0.837,0.647
video9462.webm,0.832,1.000
video9463.webm,0.919,0.818
video9464.webm,0.984,0.833
video9465.webm,0.934,1.000
video9466.webm,0.832,0.550
video9468.webm,0.881,0.571
video9469.webm,0.834,0.786
video9470.webm,0.388,0.647
video9472.webm,0.953,0.600
video9473.webm,0.925,0.813
video9474.webm,0.951,0.727
video9475.webm,0.833,0.765
video9476.webm,0.922,0.900
video9477.webm,0.954,1.000
video9478.webm,0.835,0.852
video9479.webm,0.894,0.913
video9480.webm,0.894,0.750
video9481.webm,0.683,0.636
video9483.webm,0.939,0.909
video9484.webm,0.866,1.000
video9485.webm,0.597,0.545
video9486.webm,0.834,0.583
video9487.webm,0.858,0.889
video9488.webm,0.806,1.000
video9490.webm,0.898,1.000
video9492.webm,0.892,1.000
video9493.webm,0.924,0.818
video9495.webm,0.923,0.600
video9496.webm,0.683,0.533
video9497.webm,0.894,0.857
video9499.webm,0.805,0.700
video9500.webm,0.835,0.692
video9501.webm,0.898,0.571
video9502.webm,0.661,0.818
video9503.webm,0.771,0.692
video9504.webm,0.870,0.941
video9505.webm,0.923,0.826
video9506.webm,0.882,0.889
video9507.webm,0.894,0.818
video9508.webm,0.810,0.900
video9509.webm,0.576,0.600
video9510.webm,0.984,0.941
video9511.webm,0.955,1.000
video9512.webm,0.926,0.700
video9513.webm,0.851,0.700
video9515.webm,0.838,0.769
video9516.webm,0.694,0.818
video9517.webm,0.863,0.538
video9518.webm,0.957,0.909
video9519.webm,0.889,0.923
video9521.webm,0.747,0.467
video9522.webm,0.794,0.700
video9523.webm,0.684,0.600
video9524.webm,0.898,1.000
video9525.webm,0.807,0.917
video9526.webm,0.870,0.846
video9527.webm,0.881,0.818
video9528.webm,0.736,0.800
video9529.webm,0.780,0.727
video9530.webm,0.736,0.636
video9531.webm,0.922,1.000
video9532.webm,0.793,0.455
video9533.webm,0.981,0.938
video9534.webm,0.724,0.769
video9535.webm,0.802,0.750
video9536.webm,0.833,0.846
video9537.webm,0.923,0.818
video9538.webm,0.949,0.727
video9541.webm,0.730,0.900
video9542.webm,0.804,0.727
video9543.webm,0.925,0.733
video9544.webm,0.925,0.700
video9545.webm,0.894,0.667
video9546.webm,0.862,0.818
video9547.webm,0.921,0.640
video9548.webm,0.892,0.909
video9549.webm,0.953,0.900
video9550.webm,0.861,0.783
video9551.webm,0.925,0.900
video9552.webm,0.890,0.813
video9553.webm,0.860,0.909
video9554.webm,0.772,0.556
video9555.webm,0.895,0.917
video9556.webm,0.774,0.692
video9557.webm,0.860,0.667
video9558.webm,0.894,0.900
video9559.webm,0.827,0.556
video9560.webm,0.848,0.615
video9561.webm,0.920,0.833
video9562.webm,0.803,0.833
video9564.webm,0.836,0.818
video9565.webm,0.922,0.900
video9566.webm,0.835,0.583
video9567.webm,0.898,0.800
video9568.webm,0.864,0.600
video9571.webm,0.869,0.700
video9572.webm,0.859,0.818
video9573.webm,0.833,0.615
video9574.webm,0.981,0.917
video9575.webm,0.896,0.917
video9576.webm,0.936,1.000
video9577.webm,0.891,0.750
video9582.webm,0.812,0.273
video9583.webm,0.810,0.778
video9584.webm,0.691,0.923
video9585.webm,0.776,0.750
video9586.webm,0.982,1.000
video9587.webm,0.893,0.938
video9588.webm,0.824,0.647
video9589.webm,0.629,0.438
video9590.webm,0.894,0.786
video9591.webm,0.736,0.560
video9592.webm,0.768,0.737
video9593.webm,0.808,0.538
video9595.webm,0.892,0.947
video9596.webm,0.798,0.800
video9598.webm,0.832,0.917
video9599.webm,0.811,0.700
video9600.webm,0.924,0.882
video9601.webm,0.964,0.900
video9602.webm,0.960,1.000
video9604.webm,0.891,0.750
video9605.webm,0.865,0.733
video9606.webm,0.981,0.700
video9607.webm,0.920,0.700
video9608.webm,0.985,0.588
video9609.webm,0.834,0.667
video9610.webm,0.987,0.769
video9611.webm,0.841,0.727
video9612.webm,0.866,0.900
video9613.webm,0.663,0.714
video9614.webm,0.892,0.706
video9615.webm,0.677,0.800
video9618.webm,0.807,0.923
video9619.webm,0.889,0.800
video9620.webm,0.833,0.733
video9621.webm,0.981,0.727
video9623.webm,0.893,1.000
video9624.webm,0.660,0.400
video9625.webm,0.820,0.636
video9627.webm,0.866,0.909
video9628.webm,0.893,0.800
video9630.webm,0.981,0.900
video9631.webm,0.982,0.700
video9632.webm,0.779,0.667
video9633.webm,0.613,0.900
video9634.webm,0.892,0.647
video9635.webm,0.884,0.889
video9636.webm,0.858,0.882
video9637.webm,0.824,0.923
video9638.webm,0.885,0.571
video9639.webm,0.795,0.778
video9640.webm,0.859,0.750
video9641.webm,0.866,0.938
video9642.webm,0.824,0.700
video9643.webm,0.735,0.538
video9645.webm,0.899,0.636
video9646.webm,0.864,0.800
video9647.webm,0.707,0.462
video9648.webm,0.898,0.400
video9649.webm,0.924,0.688
video9650.webm,0.861,0.833
video9651.webm,0.896,0.750
video9652.webm,0.862,0.893
video9653.webm,0.811,0.800
video9654.webm,0.849,0.556
video9655.webm,0.706,0.700
video9656.webm,0.895,0.909
video9657.webm,0.910,0.833
video9658.webm,0.926,0.875
video9659.webm,0.862,0.818
video9660.webm,0.777,1.000
video9661.webm,0.757,0.700
video9662.webm,0.802,0.714
video9663.webm,0.979,0.750
video9665.webm,0.836,0.923
video9667.webm,0.730,0.545
video9668.webm,0.693,0.538
video9670.webm,0.867,0.875
video9671.webm,0.787,0.600
video9672.webm,0.828,1.000
video9673.webm,0.801,0.615
video9674.webm,0.953,1.000
video9675.webm,0.849,0.667
video9676.webm,0.737,0.800
video9677.webm,0.836,0.778
video9679.webm,0.964,0.789
video9680.webm,0.773,0.846
video9681.webm,0.734,0.800
video9683.webm,0.956,0.706
video9684.webm,0.927,0.882
video9685.webm,0.895,0.538
video9686.webm,0.838,0.933
video9687.webm,0.797,0.727
video9688.webm,0.861,0.611
video9689.webm,0.854,0.778
video9690.webm,0.761,0.778
video9691.webm,0.894,0.833
video9692.webm,0.923,0.750
video9693.webm,0.920,0.933
video9694.webm,0.801,0.765
video9695.webm,0.923,0.923
video9698.webm,0.923,0.909
video9699.webm,0.861,0.833
video9701.webm,0.951,0.917
video9702.webm,0.952,0.667
video9703.webm,0.981,0.700
video9704.webm,0.837,0.917
video9705.webm,0.860,0.727
video9706.webm,0.840,0.700
video9707.webm,0.912,0.800
video9708.webm,0.924,0.900
video9709.webm,0.867,0.864
video9710.webm,0.899,0.800
video9711.webm,0.733,0.600
video9712.webm,0.780,0.636
video9714.webm,0.742,0.739
video9715.webm,0.613,0.842
video9716.webm,0.791,0.846
video9717.webm,0.924,0.800
video9718.webm,0.923,0.875
video9719.webm,0.802,1.000
video9720.webm,0.811,0.688
video9723.webm,0.825,0.733
video9725.webm,0.921,0.909
video9729.webm,0.738,0.800
video9730.webm,0.894,0.731
video9731.webm,0.864,1.000
video9732.webm,0.927,0.909
video9733.webm,0.868,0.818
video9736.webm,0.947,0.833
video9737.webm,0.810,0.750
video9738.webm,0.921,0.833
video9739.webm,0.953,0.700
video9740.webm,0.895,0.786
video9741.webm,0.954,0.600
video9742.webm,0.640,0.818
video9743.webm,0.805,0.769
video9744.webm,0.953,0.800
video9745.webm,0.873,0.636
video9746.webm,0.839,0.818
video9747.webm,0.549,0.556
video9748.webm,0.890,0.778
video9749.webm,0.929,0.769
video9751.webm,0.831,0.778
video9752.webm,0.752,0.900
video9753.webm,0.949,0.786
video9754.webm,0.896,0.917
video9755.webm,0.889,0.846
video9756.webm,0.832,0.692
video9757.webm,0.927,0.750
video9758.webm,0.833,0.700
video9760.webm,0.867,0.600
video9762.webm,0.869,0.889
video9764.webm,0.744,0.643
video9765.webm,0.892,1.000
video9766.webm,0.866,0.643
video9767.webm,0.795,0.818
video9768.webm,0.926,1.000
video9769.webm,0.856,0.643
video9771.webm,0.775,0.600
video9772.webm,0.829,0.636
video9773.webm,0.857,0.682
video9776.webm,0.896,0.818
video9778.webm,0.808,0.917
video9779.webm,0.834,0.900
video9780.webm,0.801,0.556
video9781.webm,0.863,0.833
video9782.webm,0.804,0.727
video9783.webm,0.716,0.769
video9785.webm,0.928,0.839
video9786.webm,0.802,0.727
video9787.webm,0.855,1.000
video9788.webm,0.808,0.583
video9789.webm,0.886,0.600
video9790.webm,0.643,0.889
video9792.webm,0.980,0.900
video9793.webm,0.873,0.810
video9795.webm,0.920,0.556
video9796.webm,0.826,0.583
video9797.webm,0.896,0.889
video9799.webm,0.982,0.833
video9801.webm,0.950,0.667
video9802.webm,0.887,0.818
video9803.webm,0.983,0.917
video9805.webm,0.954,0.833
video9806.webm,0.896,0.818
video9807.webm,0.891,0.692
video9808.webm,0.891,0.833
video9809.webm,0.863,0.846
video9810.webm,0.883,0.818
video9812.webm,0.780,0.750
video9813.webm,0.954,0.889
video9815.webm,0.889,0.600
video9816.webm,0.889,0.625
video9819.webm,0.798,0.615
video9820.webm,0.892,0.857
video9821.webm,0.867,0.750
video9822.webm,0.926,0.889
video9823.webm,0.921,1.000
video9824.webm,0.860,0.900
video9825.webm,0.749,1.000
video9826.webm,0.925,0.684
video9827.webm,0.900,0.682
video9828.webm,0.864,0.273
video9829.webm,0.924,0.923
video9831.webm,0.982,1.000
video9832.webm,0.870,1.000
video9833.webm,0.860,0.786
video9834.webm,0.859,0.545
video9835.webm,0.888,0.700
video9838.webm,0.925,1.000
video9839.webm,0.921,0.667
video9840.webm,0.770,0.806
video9842.webm,0.832,0.636
video9843.webm,0.890,0.900
video9844.webm,0.960,0.909
video9845.webm,0.867,0.769
video9846.webm,0.897,0.909
video9847.webm,0.664,0.700
video9848.webm,0.860,0.800
video9849.webm,0.949,0.760
video9850.webm,0.923,0.700
video9851.webm,0.896,1.000
video9852.webm,0.949,0.750
video9853.webm,0.952,0.800
video9854.webm,0.927,0.917
video9855.webm,0.953,0.900
video9856.webm,0.773,0.650
video9857.webm,0.819,0.800
video9858.webm,0.771,0.786
video9859.webm,0.867,0.900
video9860.webm,0.892,0.923
video9861.webm,0.830,0.833
video9862.webm,0.822,0.900
video9864.webm,0.833,0.769
video9870.webm,0.831,0.750
video9871.webm,0.720,0.727
video9872.webm,0.823,0.909
video9873.webm,0.949,0.800
video9874.webm,0.925,1.000
video9875.webm,0.925,0.750
video9876.webm,0.985,0.833
video9877.webm,0.792,0.667
video9878.webm,0.685,0.600
video9879.webm,0.955,0.600
video9881.webm,0.920,0.900
video9883.webm,0.773,0.455
video9884.webm,0.863,0.846
video9885.webm,0.984,0.810
video9888.webm,0.834,0.923
video9889.webm,0.924,1.000
video9890.webm,0.861,0.571
video9891.webm,0.859,0.714
video9892.webm,0.780,0.909
video9893.webm,0.773,0.857
video9894.webm,0.926,0.923
video9895.webm,0.865,0.909
video9896.webm,0.951,0.933
video9897.webm,0.866,0.643
video9898.webm,0.925,0.882
video9900.webm,0.922,0.750
video9901.webm,0.894,0.700
video9903.webm,0.925,0.300
video9904.webm,0.896,0.824
video9905.webm,0.898,0.842
video9906.webm,0.818,0.647
video9907.webm,0.838,0.500
video9908.webm,0.948,0.909
video9909.webm,0.768,0.688
video9913.webm,0.752,0.600
video9914.webm,0.868,0.917
video9915.webm,0.895,0.700
video9917.webm,0.780,0.700
video9918.webm,0.891,0.700
video9920.webm,0.872,0.900
video9923.webm,0.745,0.889
video9925.webm,0.919,0.667
video9926.webm,0.864,0.750
video9927.webm,0.893,0.909
video9928.webm,0.774,0.818
video9929.webm,0.779,0.571
video9930.webm,0.836,0.538
video9931.webm,0.980,0.923
video9932.webm,0.864,0.556
video9935.webm,0.867,1.000
video9936.webm,0.836,0.538
video9938.webm,0.981,0.846
video9939.webm,0.752,0.857
video9940.webm,0.952,1.000
video9942.webm,0.960,0.733
video9943.webm,0.751,0.588
video9944.webm,0.924,0.500
video9945.webm,0.842,0.800
video9946.webm,0.925,0.765
video9948.webm,0.908,0.800
video9949.webm,0.919,0.917
video9950.webm,0.950,0.875
video9951.webm,0.720,0.667
video9952.webm,0.851,0.800
video9954.webm,0.720,0.818
video9956.webm,0.844,0.813
video9957.webm,0.924,0.700
video9958.webm,0.925,0.923
video9959.webm,0.678,0.400
video9960.webm,0.876,0.714
video9961.webm,0.900,0.727
video9963.webm,0.864,0.750
video9964.webm,0.862,0.882
video9965.webm,0.769,0.615
video9966.webm,0.895,0.900
video9967.webm,0.781,0.818
video9968.webm,0.896,0.786
video9969.webm,0.899,0.500
video9970.webm,0.866,0.800
video9971.webm,0.802,0.583
video9972.webm,0.980,0.750
video9974.webm,0.921,0.700
video9975.webm,0.984,0.909
video9976.webm,0.775,0.786
video9977.webm,0.953,0.923
video9980.webm,0.891,0.538
video9981.webm,0.834,0.800
video9982.webm,0.922,0.923
video9983.webm,0.834,0.636
video9984.webm,0.799,0.700
video9985.webm,0.830,0.545
video9986.webm,0.805,0.923
video9987.webm,0.764,0.700
video9988.webm,0.924,0.857
video9989.webm,0.924,0.833
video9990.webm,0.835,1.000
video9991.webm,0.801,0.583
video9992.webm,0.904,0.786
video9993.webm,0.854,0.700
video9994.webm,0.747,0.909
video9995.webm,0.766,0.778
video9996.webm,0.865,0.800
video9997.webm,0.920,0.909
video9998.webm,0.724,0.846
video9999.webm,0.866,0.923
video10000.webm,0.900,0.900
video10001.webm,0.919,0.750
video10002.webm,0.924,0.700
video10003.webm,0.866,0.625
video10004.webm,0.863,0.333
video10005.webm,0.804,0.615
video10006.webm,0.814,1.000
video10007.webm,0.892,1.000
video10008.webm,0.900,0.700
,,
,,
,,
,,
,,
,,
,,
,,
,,
,,
,,
,,
,,
,,
,,
,,
,,
,,
,,
,,
,,
,,
,,
,,
,,
,,
,,
,,
,,
,,
,,
,,
,,
,,
,,
,,
,,
,,
,,
,,
,,
,,
,,
,,
,,
,,
,,
,,
,,
,,
,,
,,
,,
,,
,,
,,
,,
,,
,,
,,
,,
,,
,,
,,
,,
,,
,,
,,
,,
,,
,,
,,
,,
,,
,,
,,
,,
,,
,,
,,
,,
,,
,,
,,
,,
,,
,,
,,
,,
,,
,,
,,
,,
,,
,,
,,
,,
,,
,,
,,
,,
,,
,,
,,
,,
,,
,,
,,
,,
,,
,,
,,
,,
,,
,,
,,
,,
,,
,,
,,
,,
,,
,,
,,
,,
,,
,,
,,
,,
,,
,,
,,
,,
,,
,,
,,
,,
,,
,,
,,
,,
,,
,,
,,
,,
,,
,,
,,
,,
,,
,,
,,
,,
,,
,,
,,
,,
,,
,,
,,
,,
,,
,,
,,
,,
,,
,,
,,
,,
,,
,,
,,
,,
,,
,,
,,
,,
,,
,,
,,
,,
,,
,,
,,
,,
,,
,,
,,
,,
,,
,,
,,
,,
,,
,,
,,
,,
,,
,,
,,
,,
,,
,,
,,
,,
,,
,,
,,
,,
,,
,,
,,
,,
,,
,,
,,
,,
,,
,,
,,
,,
,,
,,
,,
,,
,,
,,
,,
,,
,,
,,
,,
,,
,,
,,
,,
,,
,,
,,
,,
,,
,,
,,
,,
,,
,,
,,
,,
,,
,,
,,
,,
,,
,,
,,
,,
,,
,,
,,
,,
,,
,,
,,
,,
,,
,,
,,
,,
,,
,,
,,
,,
,,
,,
,,
,,
,,
,,
,,
,,
,,
,,
,,
,,
,,
,,
,,
,,
,,
,,
,,
,,
,,
,,
,,
,,
,,
,,
,,
,,
,,
,,
,,
,,
,,
,,
,,
,,
,,
,,
,,
,,
,,
,,
,,
,,
,,
,,
,,
,,
,,
,,
,,
,,
,,
,,
,,
,,
,,
,,
,,
,,
,,
,,
,,
,,
,,
,,
,,
,,
,,
,,
,,
,,
,,
,,
,,
,,
,,
,,
,,
,,
,,
,,
,,
,,
,,
,,
,,
,,
,,
,,
,,
,,
,,
,,
,,
,,
,,
,,
,,
,,
,,
,,
,,
,,
,,
,,
,,
,,
,,
,,
,,
,,
,,
,,
,,
,,
,,
,,
,,
,,
,,
,,
,,
,,
,,
,,
,,
